{
  "Header":{
    "label":"Frequently Asked Questions"
  },
  "FAQs":[{
      "title": "Can I apply for another position while one is in progress?",
      "description": "Oh Sure ! We encourage candidates to apply for multiple positions.That would just multiply the possibilities of getting you onboard with us. Having said that, you must be a versatile professional!",
      "category": "Multiple job applications"
    },
    {
      "title": "Can I apply for more than one position at a time?",
      "description": "Oh Sure ! We encourage candidates to apply for multiple positions.That would just multiply the possibilities of getting you onboard with us. Having said that, you must be a versatile professional!",
      "category": "Multiple job applications"
    },
    {
      "title": "Can I apply for multiple positions at the same time?",
      "description": "Oh Sure ! We encourage candidates to apply for multiple positions.That would just multiply the possibilities of getting you onboard with us. Having said that, you must be a versatile professional!",
      "category": "Multiple job applications"
    },
    {
      "title": "How soon can I apply for another position after applying for one?",
      "description": "Oh Sure ! We encourage candidates to apply for multiple positions.That would just multiply the possibilities of getting you onboard with us. Having said that, you must be a versatile professional!",
      "category": "Multiple job applications"
    },
    {
      "title": "How many refree details should I provide?",
      "description":"As per our company's policy we require a minimum of 3 refree details, preferably your supervisor/ex-collegues at the current/previous organization.",
      "category": "Before Reference Check"
    },
    {
      "title": "Is there any minimum number of Referee details to be shared?",
      "description":"As per our company's policy we require a minimum of 3 refree details, preferably your supervisor/ex-collegues at the current/previous organization.",
      "category": "Before Reference Check"
    },
    {
      "title": "Do the Refrees need to be my ex-collegues/ supervisor?",
      "description":"As per our company's policy we require a minimum of 3 refree details, preferably your supervisor/ex-collegues at the current/previous organization.",
      "category": "Before Reference Check"
    },
    {
      "title": "Do I need to have a work relation with my Refrees?",
      "description":"As per our company's policy we require a minimum of 3 refree details, preferably your supervisor/ex-collegues at the current/previous organization.",
      "category": "Before Reference Check"
    },
    {
      "title": "Can I provide my family/ friend's details for Reference Check?",
      "description":"As per our company's policy we require a minimum of 3 refree details, preferably your supervisor/ex-collegues at the current/previous organization.",
      "category": "Before Reference Check"
    },
    {
      "title": "How long before I can take action on the offer?",
      "description":"Please respond with 'Accepted' or 'Declined' within 15 calendar days from the date of receiving the offer. We are looking forward to working with you!",
      "category": "Offer roll out"
    },
    {
      "title": "How much time do I have to accept the offer?",
      "description":"Please respond with 'Accepted' or 'Declined' within 15 calendar days from the date of receiving the offer. We are looking forward to working with you!",
      "category": "Offer roll out"
    },
    {
      "title": "Until what date can I accept the offer?",
      "description":"Please respond with 'Accepted' or 'Declined' within 15 calendar days from the date of receiving the offer. We are looking forward to working with you!",
      "category": "Offer roll out"
    },
    {
      "title": "In how many days do I need to accept the offer I recevied?",
      "description":"Please respond with 'Accepted' or 'Declined' within 15 calendar days from the date of receiving the offer. We are looking forward to working with you!",
      "category": "Offer roll out"
    },
    {
      "title": "Can I request for change in my joining date?",
      "description":"Yes, you can request for a different joining date by contacting us at recruiterIN@retailorg.com.",
      "category": "Joining date change"
    },
    {
      "title": "How to request for changing my date of joining?",
      "description":"Yes, you can request for a different joining date by contacting us at recruiterIN@retailorg.com.",
      "category": "Joining date change"
    },
    {
      "title": "Can I join at a later date?",
      "description":"Yes, you can request for a different joining date by contacting us at recruiterIN@retailorg.com.",
      "category": "Joining date change"
    },
    {
      "title": "Can you on-board me in the next quarter?",
      "description":"Yes, you can request for a different joining date by contacting us at recruiterIN@retailorg.com.",
      "category": "Joining date change"
    },
    {
      "title": "Do you support visa application for international transfers?",
      "description":"You can request for national or international transfer for valid reason two months prior to the date you want the transfer. International transfers are approved based on years of experience, expertise and requirement in other countries. The organization supports visa application only for career levels 1-5.",
      "category": "Internal transfers"
    },
    {
      "title": "What is transfer policy of the organization?",
      "description":"You can request for national or international transfer for valid reason two months prior to the date you want the transfer. International transfers are approved based on years of experience, expertise and requirement in other countries. The organization supports visa application only for career levels 1-5.",
      "category": "Internal transfers"
    },
    {
      "title": "Do you provide national or internation transfers?",
      "description":"You can request for national or international transfer for valid reason two months prior to the date you want the transfer. International transfers are approved based on years of experience, expertise and requirement in other countries. The organization supports visa application only for career levels 1-5.",
      "category": "Internal transfers"
    },
    {
      "title": "Do I get a location flex with respect to city?",
      "description":"You can request for national or international transfer for valid reason two months prior to the date you want the transfer. International transfers are approved based on years of experience, expertise and requirement in other countries. The organization supports visa application only for career levels 1-5.",
      "category": "Internal transfers"
    },
    {
      "title": "Do you support internal transfers?",
      "description":"You can request for national or international transfer for valid reason two months prior to the date you want the transfer. International transfers are approved based on years of experience, expertise and requirement in other countries. The organization supports visa application only for career levels 1-5.",
      "category": "Internal transfers"
    },
    {
      "title": "Is there any possibility of internal movements?",
      "description":"You can request for national or international transfer for valid reason two months prior to the date you want the transfer. International transfers are approved based on years of experience, expertise and requirement in other countries. The organization supports visa application only for career levels 1-5.",
      "category": "Internal transfers"
    },
    {
      "title": "What is the organization's leave policy?",
      "description":"You are eligible for 3 sick leaves, 2 emergency leaves and 15 vacation leaves yearly. Apart from these you are eligible for public holidays as per company policy. You can avail of these holidays after approval from your supervisor.",
      "category": "Time and Absence"
    },
    {
      "title": "How can I avail vacation leaves?",
      "description":"You are eligible for 3 sick leaves, 2 emergency leaves and 15 vacation leaves yearly. Apart from these you are eligible for public holidays as per company policy. You can avail of these holidays after approval from your supervisor.",
      "category": "Time and Absence"
    },
    {
      "title": "How many sicks days off and vacation leave do I get?",
      "description":"You are eligible for 3 sick leaves, 2 emergency leaves and 15 vacation leaves yearly. Apart from these you are eligible for public holidays as per company policy. You can avail of these holidays after approval from your supervisor.",
      "category": "Time and Absence"
    },
    {
      "title": "Where can I apply for leaves?",
      "description":"You are eligible for 3 sick leaves, 2 emergency leaves and 15 vacation leaves yearly. Apart from these you are eligible for public holidays as per company policy. You can avail of these holidays after approval from your supervisor.",
      "category": "Time and Absence"
    },
    {
      "title": "How many leaves am I entitled to in a year ?",
      "description":"You are eligible for 3 sick leaves, 2 emergency leaves and 15 vacation leaves yearly. Apart from these you are eligible for public holidays as per company policy. You can avail of these holidays after approval from your supervisor.",
      "category": "Time and Absence"
    }
  ]
}
    
  