[{
  "Labels": [{
    "searchLabel": "Search",
    "refreshLabel": "Refresh",
    "SearchfortheBestCandidateProfilesLabel": "Search for the Best Candidate Profiles",
    "primaryDetailsLabel": "PRIMARY DETAILS",
    "jobIdLabel": "Job Requisition ID",
    "skillsLabel": "Skills",
    "softSkillsLabel": "SoftSkills",
    "hardSkillsLabel": "HardSkills",
    "industryLabel": "Industry",
    "industryTypeLabel": "Industry Type",
    "subTypeLabel": "Subtype",
    "candidateDetailsLabel": "Candidate Details",
    "qualificationLabel": "Qualification",
    "lastExperienceInMedicalLabel": "Last Experience In Medical",
    "languagesKnownLabel": "Languages Known",
    "languageKnownLabel": "Languages Known",
    "educationAndOrganizationDetailsLabel": "Education & Organizational Details",
    "topAcademicInstitutionsLabel": "Top Academic Institutions",
    "associatedWithTopOrganizationsLabel": "Associated With Top Organizations",
    "secondaryDetailsLabel": "SECONDARY DETAILS",
    "numberOfProfilesRequiredLabel": "Number Of Profiles Required",
    "employmentTypeLabel": " Employment Type",
    "primaryLocationsLabel": "Primary Locations",
    "priorityOfTheJobLabel": " Priority Of the Job"
  }],
  "InputValues": [{
    "weightage": [
      "Choose Weightage",
      "1",
      "2",
      "3"
    ],
    "IndustryType": [
      "Select",
      "IT",
      "WEB",
      "XYZ"
    ],
    "Subtype": [
      "Select",
      "Type1",
      "Type2",
      "Type3"
    ],
    "Qualification": [
      "Select",
      "Q1",
      "Q2",
      "Q3"
    ],
    "LastExperienceInMedical": [
      "Select",
      "exp1",
      "exp2",
      "exp3"
    ],
    "LanguagesKnown": [
      "Select",
      "Hindi",
      "English"
    ],
    "TopAcademicInstitutions": [
      "Select",
      "IIT",
      "NIT"
    ],
    "organizations": [
      "Select",
      "VIT",
      "GPREC"
    ],
    "state": [
      "State",
      "state1",
      "state2",
      "state3"
    ],
    "city": [
      "City",
      "city1",
      "city2",
      "city3"
    ],
    "priorityofthejob": [
      "Select",
      "priority1",
      "priority2",
      "priority3"
    ]
  }]
}]
