{
  "candidateStatus": ["Pre-Application", "Review", "Screen", "Assessment", "Reference Check", "Interview", "Background Check", "Offer", "Ready For Hire"],
  "errorMessages":[{
      "text": "File size should not be more than 1MB."
      },
      {
       "text": "File size can not be less than 2KB."
      },
      {
       "text": "Attachment can be only in PDF or DOC format."
      }
    ],
    "welcomeMessage":{
        "MESSAGE0" : "Hi",
         "MESSAGE1" : "Great to know that you are interested in exploring job opportunities with Elixir!",
         "MESSAGE2" : "To make your recruitment journey seamless and personalized, our Recruiter Bot here will engage with you throughout, and make all the little things completely hassle-free."
    }
}
