[{
  "Labels": [{
    "receivedlabel": "EMAILS RECEIVED BY ATIENNE",
    "sentlabel": "REPLIES SENT TO ATIENNE"
  }],
  "EmailsReceived": [{
      "date": "04",
      "month": "MAR",
      "title": "Candidate ID number",
      "description": "Dear David. Thank you so much for your interest in H&N. We have received your application for Senior Visual Merchandiser... ",
      "link": "View Full Email"
    },
    {
      "date": "05",
      "month": "MAR",
      "title": "Documents Required",
      "description": "Dear David. Please send us your degree certificates and college transcripts by tomorrow to start the interview process.",
      "link": "View Full Email"
    },
    {
      "date": "06",
      "month": "MAR",
      "title": "Candidate ID number",
      "description": "Dear David. You have been selected for 1st round interview. Attached the details for interview. ",
      "link": "View Full Email",
      "attach": "assets/icons/attach-icon.png"
    },
    {
      "date": "09",
      "month": "MAR",
      "title": "Candidate ID number",
      "description": "Dear David. This is confirm you that you are selected for the second round of interview whick will be on skype. ",
      "link": "View Full Email",
      "attach": "assets/icons/attach-icon.png"
    }
  ],
  "EmailsSent": [{
      "date": "05",
      "month": "MAR",
      "title": "Documents Asked for",
      "description": "Hello. PFA the documents which were asked. The degree certificates and college transcripts...",
      "link": "View Full Email",
      "attach": "assets/icons/attach-icon.png"
    },
    {
      "date": "08",
      "month": "MAR",
      "title": "Regarding Confirmation",
      "description": "Hello. PFA the documents which were asked. The degree certificates and college transcripts...",
      "link": "View Full Email",
      "attach": "assets/icons/attach-icon.png"
    }
  ]
}]
