{
  "contextId": "fc13d63d83f579ed4f803ddfdf53c559c150806e4b7c518b9f8aeb7e5f255ce2",
  "profileData": [
    {
      "lastName": "tirumala",
      "country": "India",
      "skillDetails": [],
      "gender": "Male",
      "city": "",
      "disability": "No",
      "educationalDetails": [],
      "postalCode": "500008",
      "research": "",
      "veteranStatus": "",
      "yearsOfExperience": "10",
      "personalEmailId": "sai@gmail.com",
      "careerSummary": "Developer",
      "state": "Telengana",
      "candidateID": "CAND-1233",
      "hispanic_Latino": "",
      "address": "HNo-3-1-54",
      "race": "",
      "languages": "",
      "volunteer_Community_Experience": "",
      "personalAttributes": "",
      "certifications": "",
      "firstName": "venkat",
      "phoneNumber": "9980933600",
      "aspiration": "",
      "experienceDetails": [],
      "maritalStatus": "Married",
      "hobby": ""
    }
  ]
}
