{
"Chat":[{
    "text":"Hi David! :smile:",
    "self":false
  },
  {
   "text":"How are you?",
   "self":false
  },
  {
    "text":"I am fine",
     "self":true
  }],
  "errorMessages":[{
      "text": "File size should not be more than 200KB!!"
      },
      {
       "text": "File size can not be less than 2KB!!"
      }
    ],
    "welcomeMessage":{
        "USER_NAME" : "Hi David!",
         "MESSAGE1" : "Great to know that you decided to continue your application process with Atienne!",
         "MESSAGE2" : "To make your recruitment journey seamles and personalised, our Recruiter Bot here will engage with you through out, and make all the little tasks completely hassle-free."
    }
}   