 [{
  "Labels": [{
    "IndustryLabel": "Industry type",
    "QualificationLabel":"Qualifications",
    "ExperienceLabel":"Experience",
    "LanguageLabel":"Language Fluency",
    "PharmaceuticalsLabel":"Pharmaceuticals",
    "MpharmLabel":"MPharm",
    "TwoLabel":"2",
    "EnglishLabel":"English",
    "NoofprofilesLabel":"Number of Profiles",
    "EmployementtypeLabel":"Employement Type",
    "PrimarylocationsLabel":"Primary Locations",
    "FourLabel":"4",
    "FulltimeLabel":"FullTime",
    "NewyorkLabel":"NewYork,Toronto",
    "NameLabel":"Name",
    "CandidateidLabel":"Candidate ID",
    "QualificationsLabel":"Qualification",
    "ExperiencesLabel":"Experience",
    "SkillsLabel":"Skills",
    "ProfilematchscoreLabel":"Profile_Match",
    "ScoreLabel": "Score",
    "AppliedLabel":"APPLIED FOR",
    "EduLabel":"EDUCATION & EXPERIMENT",
    "PostLabel":"Senior Pharmacist - Regional Level",
    "EducationLabel":"Education",
    "contactLabel":"CONTACT INFORMATION",
    "NumberLabel":"9898765454",
    "EmailLabel":"david.james@gmail.com",
    "AddressLabel":"Hamington Road JS Building-21 East",
    "PlaceLabel":"Newyork-998",
    "SkillsLabel1":"SKILLS",
    "ConsultancyLabel":"Consultancy",
    "LabLabel":"Lab Analytics",
    "WorkExperienceLabel":"Work Experience"
  }],
  "InputValues":[{
    "name":"David James",
    "img":"assets/icons/myProfileIcon.png",
    "competativeLabel":"COMPETITIVE COMPANY",
    "pic":"assets/icons/Fill 1.png",
    "Candidateid":"212345",
    "Qualification1":"B.Sc Psychology, Italy",
    "Qualification2":"Masters in Fashion Mgmt, London",
    "Experience":"2yrs",
    "Skill1":"FashionDesign",
    "Skill2":"User research",
    "Skill3":"Marketing",
    "Profilematchscore":"98%"
  },
  {
    "name":"Katie Stauffer",
    "img":"assets/icons/myProfileIcon.png",
    "competativeLabel":"COMPETITIVE COMPANY",
    "pic":"assets/icons/Fill 1.png",
    "Candidateid":"212345",
    "Qualification1":"B.Sc Psychology, Italy",
    "Qualification2":"Masters in Fashion Mgmt, London",
    "Experience":"2yrs",
    "Skill1":"FashionDesign",
    "Skill2":"User research",
    "Skill3":"Marketing",
    "Profilematchscore":"91%"
  },
  {
    "name":"John weasley",
    "img":"assets/icons/myProfileIcon.png",
    "Candidateid":"212345",
    "Qualification1":"B.Sc Psychology, Italy",
    "Qualification2":"Masters in Fashion Mgmt, London",
    "Experience":"2yrs",
    "Skill1":"FashionDesign",
    "Skill2":"User research",
    "Skill3":"Marketing",
    "Profilematchscore":"88%"
  },
  {
    "name":"Jess Gabrielle",
    "img":"assets/icons/myProfileIcon.png",
    "Candidateid":"212345",
    "Qualification1":"B.Sc Psychology, Italy",
    "Qualification2":"Masters in Fashion Mgmt, London",
    "Experience":"2yrs",
    "Skill1":"Fashiondesign",
    "Skill2":"User research",
    "Skill3":"Marketing",
    "Profilematchscore":"78%"
  } 
],
"EducationDetails":[{
  "EduName":"Sep 2005 - Jul 2010",
  "EduDetail":"Bacholer in Pharmacy, University of the Pharmacy, Central Saint Martins, London"
},
{
  "EduName":"Aug 2010 - Jun 2011",
  "EduDetail":"Bacholer in Pharmacy, University of the Pharmacy, Central Saint Martins, London"
},
{
  "EduName":"Sep 2011 - Jan 2012",
  "EduDetail":"Doctor of Pharmacy(Master Certificate), European School of Medicine, London"
}
],
"WorkExperience":[{
"image1":"PRIMAX",
"WorkName":"Apr 2014 - Sep 2014",
"WorkDetail":"Junior Pharmacist at Primax Healthcare, USA"
},
{
"image1":"FRUTH",
"WorkName":"Apr 2013 - Nov 2013",
"WorkDetail":"Pharmacist associate at Fruth Pharmacy, USA"
},
{
"image1":"CVS",
"WorkName":"Sep 2014 - Present",
"WorkDetail":"Manager of Lab Department at CVS pharmacy Canada"
}
]
}]