[{
  "Labels": [{
    "titleLabel": "Suitable Jobs For You",
    "radioButton1Label": "All keywords",
    "radioButton2Label": "Any keywords",
    "advancedsearchLabel": "Advanced Search",
    "rolesLabel": "Role and Responsibility:",
    "applyNowLabel": "APPLY NOW",
    "favouriteLabel": "FAVORITE"
  }],
  "InputValues": [{
    "location": [{
        "key": "default",
        "value": "Select Location"
      },
      {
        "key": "1",
        "value": "Hyderabad"
      },
      {
        "key": "2",
        "value": "Bangalore"
      },
      {
        "key": "3",
        "value": "Pune"
      }
    ],
    "experience": [{
        "key": "default",
        "value": "Select years of experience"
      },
      {
        "key": "1",
        "value": "1-2 yrs"
      },
      {
        "key": "2",
        "value": "3-4 yrs"
      },
      {
        "key": "3",
        "value": "5-6 yrs"
      }
    ]
  }],
  "SuitableJobs": [{
      "JOB_REQ_ID": "E-00001",
      "Job_Posting_Title": "Multiple Customer Service Career Opportunities!",
      "Number_of_Openings_Total": "0",
      "Job_Description_Summary": "Dazzle our customers with flawless execution ... in how we answer the phone, fill an order, deliver on time, process the invoice and  meet every imaginable need for excellence in customer service.  Guide customers in best practices and online tools. Provide trouble-shooting and problem escalation.",
      "Job_Description": "<p>Our customer service team members are critical to the success of the organization. They provide a personable, knowledgeable, and caring experience when <a href=\"http://www.workday.com/customers.php#\" target=\"_blank\">customers <\/a>contact us. We are looking for people who are warm, articulate, and positive to add to our already <a href=\"http://www.workday.com/company/careers/teams/customer_services.php\" target=\"_blank\">awesome team<\/a>.<\/p><p><\/p><p><b>Job duties:<\/b><\/p><ul><li>Responsible for receiving, responding to and resolving customer telephone-inquires in a high-volume call center.<\/li><li>Maintain departmental quality and productivity standards.<\/li><li>Where appropriate, cross-reference a variety other products and services available for customers to consider.<\/li><li>Engage in outbound calls to current customers to survey satisfaction with current products.<\/li><li>Perform other work-related duties, as assigned - including (but not limited to) customer e-mail and correspondence.<\/li><\/ul><p><\/p><p><b>Qualifications:<\/b><\/p><ul><li>High school diploma, general education degree or equivalent<\/li><li>Knowledge of customer service principles and practices<\/li><li>Knowledge of relevant computer applications<\/li><li>Ability to type<\/li><li>Numeric, oral and written language applications<p><\/p><\/li><\/ul><p><b>Key Competencies<\/b><\/p><ul><li>Interpersonal skills<\/li><li>Communication skills - verbal and written<\/li><li>Listening skills<\/li><li>Problem analysis and problem-solving<\/li><li>Attention to detail and accuracy<\/li><li>Data collection and ordering<\/li><li>Customer service orientation<\/li><li>Adaptability, initiative and stress tolerance<\/li><\/ul>",
      "Qualifications": "Job Competence (Proficient); Conflict Management (Proficient); Core Values (Proficient)",
      "Recruiting_Start_Date": "2017-02-13",
      "Scheduled_Weekly_Hours": "40",
      "Worker_Sub-Type_Hiring_Requirement": "Regular",
      "Job_Requisition_Primary_Location": "Chicago",
      "Job_Requisition_Additional_Locations_-_External_Name": "New York; San Francisco",
      "Time_Type_Hiring_Requirement": "Full time",
      "Pay_Rate_Type": "Exception Hourly; Salaried",
      "Contract_Pay_Rate": "0",
      "referenceID": "Full_time",
      "Primary_Internal_Questionnaire": "Customer Service",
      "Primary_External_Questionnaire": "Customer Service",
      "Secondary_External_Questionnaire": "External - Eligibility",
      "Post": "Posted on-12th Jan",
      "Job_Posting_Details_group": [{
          "Post_Job_Business_Process": "Post Job: E-00001 Multiple Customer Service Career Opportunities!"
        },
        {
          "Post_Job_Business_Process": "Post Job: E-00001 Multiple Customer Service Career Opportunities!"
        }
      ]
    },
    {
      "JOB_REQ_ID": "E-00002",
      "Job_Posting_Title": "Intern - Multiple openings",
      "Number_of_Openings_Total": "0",
      "Job_Description_Summary": "Fast paced and fun opportunity for students and less experienced workers to learn while delivering on a key project as assigned.  Eligible for academic credit at most schools, where applicable.",
      "Job_Description": "<p><span>Company is looking for a qualified intern to join our <\/span><span>marketing/advertising<\/span><span> team. Our marketing department produces quality work for major companies, and seeks an intern who can participate in various stages of print and online marketing campaigns.<\/span><br><br><span>This intern should be prepared to work in a fast-paced team environment, and will finish the internship having gained broad experience in various aspects of marketing.<\/span><\/p><p><\/p><h3>Responsibilities<\/h3><ul><li>Assist in the creation of signage, circulars, mock ups, e-mail campaigns, on line promotion, etc.<\/li><li>Assist in the distribution or delivery of marketing materials<\/li><li>Assist with fulfillment of marketing offers<\/li><li>Assist with execution of trade shows<\/li><li>Assist with the preparation and delivery of training materials<\/li><li>Perform analysis of marketing and sales data<\/li><li>Seek and analyze competitor marketing and sales materials both on and offline<\/li><li>Prepare presentations<\/li><li>Open and sort mail<\/li><li>Enter contact information into contact management systems<\/li><li>Provide support to social media efforts<\/li><li>Maintain tracking report of public relations activity<\/li><\/ul><p><\/p><h3>Requirements<\/h3><p>Company&nbsp;is looking for an undergraduate student&nbsp;who is majoring in Sales, Marketing or Advertising. This person should have excellent verbal and written communication skills, with extensive knowledge of Web and social media. PowerPoint, Word and Excel experience is a bonus, and will be considered when choosing the best applicant for this internship position.<\/p><p><\/p><p><span>Majors<\/span><br><span>Marketing, Sales, Advertising, Computer Science, Mathematics, Language<\/span><\/p><p><\/p>",
      "Qualifications": "Results Orientation; Problem Solving; Learning On The Fly; B.S.; Teamwork; B.A.",
      "Recruiting_Start_Date": "2017-08-14",
      "Scheduled_Weekly_Hours": "40",
      "Worker_Sub-Type_Hiring_Requirement": "Regular",
      "Job_Requisition_Primary_Location": "Toronto",
      "Job_Requisition_Additional_Locations_-_External_Name": "London; Calgary; Hong Kong; Singapore; Paris; Boston; Dubai; Chicago; Tokyo; New York; San Francisco; Sydney",
      "Time_Type_Hiring_Requirement": "Full time",
      "Contract_Pay_Rate": "0",
      "referenceID": "Full_time",
      "Primary_Internal_Questionnaire": "Internship screen",
      "Primary_External_Questionnaire": "Internship screen",
      "Secondary_External_Questionnaire": "External - Eligibility",
      "Post": "Posted on-09th Feb",
      "Job_Posting_Details_group": [{
          "Post_Job_Business_Process": "Post Job: E-00002 Intern - Multiple openings"
        },
        {
          "Post_Job_Business_Process": "Post Job: E-00002 Intern - Multiple openings"
        },
        {
          "Post_Job_Business_Process": "Post Job: E-00002 Intern - Multiple openings"
        },
        {
          "Post_Job_Business_Process": "Post Job: E-00002 Intern - Multiple openings"
        },
        {
          "Post_Job_Business_Process": "Post Job: E-00002 Intern - Multiple openings"
        },
        {
          "Post_Job_Business_Process": "Post Job: E-00002 Intern - Multiple openings"
        }
      ]
    },
    {
      "JOB_REQ_ID": "R-00001",
      "Job_Posting_Title": "Operations Business Analyst",
      "Number_of_Openings_Total": "1",
      "Job_Description_Summary": "A Business Analyst's responsibility is to help drive projects and bring value through operations. To do this, they identify, distinguish and analyze multiple components of a problem and then make conclusions using high-level quantitative skills. Common responsibilities include strategic operations analysis, identifying performance trends, scanning business/industry trends, reviewing  sales/financial analysis and interpreting data. Individuals in this position work with a variety of people across the company to perform their job; and therefore, successful Business Analysts have strong skills in communication.",
      "Qualifications": "Domain Expertise (Proficient)",
      "Justification": "This will help accomplish our strategic goals of maximizing efficiency in our organization.",
      "Recruiting_Start_Date": "2011-01-01",
      "Target_Hire_Date": "2011-02-14",
      "Scheduled_Weekly_Hours": "40",
      "Worker_Sub-Type_Hiring_Requirement": "Consultant",
      "Job_Requisition_Primary_Location": "San Francisco",
      "Time_Type_Hiring_Requirement": "Full time",
      "Pay_Rate_Type": "Salaried",
      "Contract_Pay_Rate": "35",
      "referenceID": "Full_time",
      "Company": "Global Modern Services, Inc. (USA)",
      "Post": "Posted on-23rd Feb",
      "Position_group": [{
        "Supervisory_Organization": "Global Support Center",
        "POSITION_REASON": "End Contingent Worker Contract",
        "Availability_Date": "2010-06-01",
        "Job_Code": "37130",
        "Cost_Center": "33000 Akhot_Global Support Center"
      }]
    },
    {
      "JOB_REQ_ID": "R-00034",
      "Job_Posting_Title": "Customer Service Representative",
      "Number_of_Openings_Total": "1",
      "Job_Description_Summary": "Responsible for receiving, responding to and resolving customer telephone-inquires in a high-volume call center.  Maintain departmental quality and productivity standards.  Where appropriate, cross-reference a variety other products and services available for customers to consider.  Engage in outbound calls to current customers to survey satisfaction with current products.  Perform other work-related duties, as assigned - including (but not limited to) customer e-mail and correspondence.",
      "Recruiting_Start_Date": "2018-02-07",
      "Target_Hire_Date": "2018-10-31",
      "Scheduled_Weekly_Hours": "40",
      "Worker_Sub-Type_Hiring_Requirement": "Regular",
      "Job_Requisition_Primary_Location": "Singapore",
      "Time_Type_Hiring_Requirement": "Full time",
      "Contract_Pay_Rate": "0",
      "referenceID": "Full_time",
      "Company": "Global Modern Services Pty. Ltd. (Australia)",
      "Position_group": [{
        "Supervisory_Organization": "07_Motor Copr ()",
        "POSITION_REASON": "Termination",
        "Availability_Date": "2018-02-07",
        "Job_Code": "37485",
        "Cost_Center": "33200 Global Support - Asia/Pac"
      }],
      "Job_Posting_Details_group": [{
          "Post_Job_Business_Process": "Post Job: R-00034 Customer Service Representative"
        },
        {
          "Post_Job_Business_Process": "Post Job: R-00034 Customer Service Representative"
        },
        {
          "Post_Job_Business_Process": "Post Job: R-00034 Customer Service Representative"
        }
      ]
    },
    {
      "JOB_REQ_ID": "R-00034",
      "Job_Posting_Title": "Customer Service Representative",
      "Number_of_Openings_Total": "1",
      "Job_Description_Summary": "Responsible for receiving, responding to and resolving customer telephone-inquires in a high-volume call center.  Maintain departmental quality and productivity standards.  Where appropriate, cross-reference a variety other products and services available for customers to consider.  Engage in outbound calls to current customers to survey satisfaction with current products.  Perform other work-related duties, as assigned - including (but not limited to) customer e-mail and correspondence.",
      "Recruiting_Start_Date": "2018-02-07",
      "Target_Hire_Date": "2018-10-31",
      "Scheduled_Weekly_Hours": "40",
      "Worker_Sub-Type_Hiring_Requirement": "Regular",
      "Job_Requisition_Primary_Location": "Singapore",
      "Time_Type_Hiring_Requirement": "Full time",
      "Contract_Pay_Rate": "0",
      "referenceID": "Full_time",
      "Company": "Global Modern Services Pty. Ltd. (Australia)",
      "Position_group": [{
        "Supervisory_Organization": "07_Motor Copr ()",
        "POSITION_REASON": "Termination",
        "Availability_Date": "2018-02-07",
        "Job_Code": "37485",
        "Cost_Center": "33200 Global Support - Asia/Pac"
      }],
      "Job_Posting_Details_group": [{
          "Post_Job_Business_Process": "Post Job: R-00034 Customer Service Representative"
        },
        {
          "Post_Job_Business_Process": "Post Job: R-00034 Customer Service Representative"
        },
        {
          "Post_Job_Business_Process": "Post Job: R-00034 Customer Service Representative"
        }
      ]
    }
  ],
  "Links": [{
    "rel": "alternate",
    "href": "https://www.google.com/"
  }]

}]
