[{
  "Labels": [{
    "candidateNameLabel": "David James",
    "appliedForLabel": "APPLIED FOR",
    "positionLabel": "Senior Visual Merchandiser - Regional Level",
    "contactLabel": "CONTACT",
    "mobileNumberLabel": "9874514528",
    "emailLabel": "david.james @gmail.com",
    "addressLabel": " Hamington road JS building,21 East New york-998",
    "editLabel": "EDIT",
    "fromLabel": "FROM:",
    "toLabel": "TO:",
    "saveLabel": "SAVE",
    "cancelLabel": "CANCEL",
    "educationLabel": "EDUCATION",
    "educationalDetails": [{
        "dateLabel": "Sep 2005 - Jul 2010",
        "educationalLabel": "Psychology BSC Certification Duchessa Galliera, Genova, Italy"
      },
      {
        "dateLabel": "Aug 2010 - Jun 2011",
        "educationalLabel": "Bacholer in Pharmacy,University of the Pharmacy,Central Saint Martins, London"
      },
      {
        "dateLabel": "Sep 2011 - Jan 2012",
        "educationalLabel": "Doctor of Pharmacy (Master Certificate) , European School of Medicine, London"
      }

    ],
    "experienceLabel": "EXPERIENCE",
    "experienceDetails": [{
        "imageLink": "MAXMARA",

        "workPeriodLabel": "Apr 2014 - Sep 2014",
        "workDetailLabel": "Junior Pharmacist at Primax Healthcare, USA"
      },
      {
        "imageLink": "FRUTH",

        "workPeriodLabel": "Apr 2013 - Nov 2013",
        "workDetailLabel": "Pharmacist associate at Fruth Pharmacy, USA"
      },
      {
        "imageLink": "PRIMAX",
        "workPeriodLabel": "Sep 2014 - Present",
        "workDetailLabel": "Manager of Lab Department at CVS pharmacy Canada"
      }
    ],

    "skillsLabel": "SKILLS",
    "skillDetails": [{
        "imageLink": " assets/icons/photography-icon.png",
        "skillLabel": "Photography"
      },
      {
        "imageLink": " assets/icons/fashion-icon.png ",
        "skillLabel": "Fashion Design"

      },
      {
        "imageLink": " assets/icons/store.png ",
        "skillLabel": "Store Management"
      }


    ],
    "editEducationalDetails": [{
        "startmonth": "SEP",
        "startyear": "2005",
        "institute": "Psychology BSC Certification Duchessa Galliera, Genova, Italy",
        "endmonth": "JUL",
        "endyear": "2010"
      },
      {
        "startmonth": "AUG",
        "startyear": "2010",
        "institute": "Bacholer in Pharmacy,University of the Pharmacy,Central Saint Martins, London",
        "endmonth": "JUL",
        "endyear": "2013"
      },
      {
        "startmonth": "AUG",
        "startyear": "2013",
        "institute": "Psychology BSC Certification Duchessa Galliera, Genova, Italy",
        "endmonth": "JUL",
        "endyear": "2014"
      }
    ],
    "InputValues": [{
      "months": [{
          "key": "default",
          "value": "JAN"
        },
        {
          "key": "1",
          "value": "FEB"
        },
        {
          "key": "2",
          "value": "MAR"
        },
        {
          "key": "3",
          "value": "APR"
        },
        {
          "key": "4",
          "value": "MAY"
        },
        {
          "key": "5",
          "value": "JUN"
        },
        {
          "key": "6",
          "value": "JUL"
        },
        {
          "key": "7",
          "value": "AUG"
        },
        {
          "key": "8",
          "value": "SEP"
        },
        {
          "key": "9",
          "value": "OCT"
        },
        {
          "key": "10",
          "value": "NOV"
        },
        {
          "key": "11",
          "value": "DEC"
        }
      ]

    }]

  }]

}]
