{
  "Header":{
    "label":"Frequently Asked Questions"
  },
  "FAQs":[{
      "title": "Can I apply for another position while one is in progress?",
      "description": "Oh Sure ! We encourage candidates to apply for multiple positions.That would just multiply the possibilities of getting you onboard with us. Having said that, you must be a versatile professional!",
      "category": "Multiple job applications"
    },
    {
      "title": "Is there any minimum number of Referee details to be shared?",
      "description":"As per our company's policy we require a minimum of 3 refree details, preferably your supervisor/ex-collegues at the current/previous organization.",
      "category": "Before Reference Check"
    },
    {
      "title": "How long before I can take action on the offer?",
      "description":"Please respond with 'Accepted' or 'Declined' within 15 calendar days from the date of receiving the offer. We are looking forward to working with you!",
      "category": "Offer roll out"
    },
    {
      "title": "Can I request for change in my joining date?",
      "description":"Yes, you can request for a different joining date by contacting us at recruiterIN@retailorg.com.",
      "category": "Joining date change"
    },
    {
      "title": "What is transfer policy of the organization?",
      "description":"You can request for national or international transfer for valid reason two months prior to the date you want the transfer. International transfers are approved based on years of experience, expertise and requirement in other countries. The organization supports visa application only for career levels 1-5.",
      "category": "Internal transfers"
    },
    {
      "title": "What is the organization's leave policy?",
      "description":"You are eligible for 3 sick leaves, 2 emergency leaves and 15 vacation leaves yearly. Apart from these you are eligible for public holidays as per company policy. You can avail of these holidays after approval from your supervisor.",
      "category": "Time and Absence"
    }
  ]
}
    
  