[{
  "Labels": [{
    "scheduledlabel": "SCHEDULED",
    "confirmedlabel": "CONFIRMED",
    "cidnolabel": "CID no.received",
    "phoneinterviewlabel": "Phone Interview",
    "interviewresultslabel": "Phone Interiew Results",
    "confirmationlabel": "Confirmation email for face to face interview",
    "facetofacelabel": "Face to face Interview",
    "monthlabel": "September,2018"
  }],
  "Days": [{
      "day": "SUN"
    },
    {
      "day": "MON"
    },

    {
      "day": "TUE"
    },
    {
      "day": "WED"
    },
    {
      "day": "THU"
    },
    {
      "day": "FRI"
    },
    {
      "day": "SAT"
    }
  ],
  "Dates": [{
      "date1": "",
      "date2": "02",
      "date3": "09",
      "date4": "16",
      "date5": "23",
      "date6": "30"
    },
    {
      "date1": "",
      "date2": "03",
      "date3": "10",
      "date4": "17",
      "date5": "24",
      "date6": "31"
    },
    {
      "date1": "",
      "date2": "04",
      "date3": "11",
      "date4": "18",
      "date5": "25",
      "date6": ""
    },
    {
      "date1": "",
      "date2": "05",
      "date3": "12",
      "date4": "19",
      "date5": "26",
      "date6": ""
    },
    {
      "date1": "",
      "date2": "06",
      "date3": "13",
      "date4": "20",
      "date5": "27",
      "date6": ""
    },
    {
      "date1": "",
      "date2": "07",
      "date3": "14",
      "date4": "21",
      "date5": "28",
      "date6": ""
    },
    {
      "date1": "01",
      "date2": "08",
      "date3": "15",
      "date4": "22",
      "date5": "29",
      "date6": ""
    }
  ]
}]
