[{
    "Labels": [{
      "recievedlabel":"RECEIVED BY ATIENNE",
      "sentlabel":"SENT TO ATIENNE"
    }],
    "Recieved":[{
      "image":"assets/icons/pdf-icon@3x.png",
      "pdfname":"Job-description.pdf",
      "downloadimg":"assets/icons/group-4@3x.png",
      "viewimg":"assets/icons/view-icon@3x.png",
      "datelabel":"Recieved on 23 rd Jan",
      "downloadlabel":"DOWNLOAD",
      "viewlabel":"VIEW"
      },
      {
        "image":"assets/icons/noun-1242090-cc@3x.png",
        "pdfname":"Job-description.pdf",
        "downloadimg":"assets/icons/group-4@3x.png",
        "viewimg":"assets/icons/view-icon@3x.png",
        "datelabel":"Recieved on 23 rd Jan",
        "downloadlabel":"DOWNLOAD",
        "viewlabel":"VIEW"
        }],
        "Sent":[{
            "image":"assets/icons/zip-icon@3x.png",
            "filename":"Bachlors-degree.zip",
            "reuploading":"assets/icons/reupload-icon@3x.png",
            "viewimg":"assets/icons/view-icon@3x.png",
            "datelabel":"Recieved on 23 rd Jan",
            "reuploadlabel":"REUPLOAD",
            "viewlabel":"VIEW"
            }, 
        {  
            "image":"assets/icons/document-icon@3x.png",
            "filename":"Bachlors-degree.zip",
            "reuploading":"assets/icons/reupload-icon@3x.png",
            "viewimg":"assets/icons/view-icon@3x.png",
            "datelabel":"Recieved on 23 rd Jan",
            "reuploadlabel":"REUPLOAD",
            "viewlabel":"VIEW"  
        },
        {
            "image":"assets/icons/noun-1242090-cc@3x.png",
            "filename":"College-transcripts.xlsx",
            "reuploading":"assets/icons/reupload-icon@3x.png",
            "viewimg":"assets/icons/view-icon@3x.png",
            "datelabel":"Recieved on 23 rd Jan",
            "reuploadlabel":"REUPLOAD",
            "viewlabel":"VIEW"
        }, 
        {
            "image":"assets/icons/pdf-icon@3x.png",
            "filename":"Identity-proof.pdf",
            "reuploading":"assets/icons/reupload-icon@3x.png",
            "viewimg":"assets/icons/view-icon@3x.png",
            "datelabel":"Recieved on 23 rd Jan",
            "reuploadlabel":"REUPLOAD",
            "viewlabel":"VIEW"
        },
        {
            "image":"assets/icons/noun-1242090-cc@3x.png",
            "filename":"CTC_payslip",
            "reuploading":"assets/icons/reupload-icon@3x.png",
            "viewimg":"assets/icons/view-icon@3x.png",
            "datelabel":"Recieved on 23 rd Jan",
            "reuploadlabel":"REUPLOAD",
            "viewlabel":"VIEW"
        },
        {
            "image":"assets/icons/pdf-icon@3x.png",
            "filename":"Migration-certificate.pdf",
            "reuploading":"assets/icons/reupload-icon@3x.png",
            "viewimg":"assets/icons/view-icon@3x.png",
            "datelabel":"Recieved on 23 rd Jan",
            "reuploadlabel":"REUPLOAD",
            "viewlabel":"VIEW"
        }]
        }]
		