{

  "Labels": {
    "candidateLabel": "Candidate List",
    "prefferedLabel": "Preferred Slot",
    "emailidLabel": "Email ID",
    "emailSubjectLabel": "Email Subject",
    "emailBodyLabel": "Email Body",
    "inviteLabel": "Schedule Calendar Invite",
    "resetLabel": "Reset",
    "emailsubjectplaceholderLabel": "Type the Subject of Email here ",
    "emailbodyplaceholderLabel": "Type your Mail here"
  },
  "InputValues": {
    "CandidateList": [{
        "key": "0",
        "value": "Select Candidate"
      },
      {
        "key": "1",
        "value": "Alex"

      },
      {
        "key": "2",
        "value": "Smith"

      },
      {
        "key": "3",
        "value": "Joe"

      }

    ],
    "PreferredSlot": [{
        "key": "0",
        "value": "Select preferred slot"
      },
      {
        "key": "1",
        "value": "03:30-04:45"
      },
      {
        "key": "2",
        "value": "05:30-07:00"
      },
      {
        "key": "3",
        "value": "07:30-08:45"
      }

    ]
  }

}
