{
  "profileData": [
    {
      "lastName": "James",
      "country": "",
      "skillDetails": [
        {
          "skillIcon": " assets/icons/photography-icon.png",
          "skillLabel": "Photography"
        },
        {
          "skillIcon": " assets/icons/fashion-icon.png ",
          "skillLabel": "Fashion Design"
        },
        {
          "skillIcon": " assets/icons/store.png ",
          "skillLabel": "Store Management"
        }
      ],
      "gender": "",
      "disability": "",
      "educationalDetails": [
        {
          "fromYearEducation": "2005",
          "fromMonthEducation": "JUL",
          "toYearEducation": "2010",
          "toMonthEducation": "SEP",
          "instituteEducation": "Psychology BSC Certification Duchessa Galliera, Genova, Italy"
        },
        {
          "fromYearEducation": "2002",
          "fromMonthEducation": "AUG",
          "toYearEducation": "2009",
          "toMonthEducation": "DEC",
          "instituteEducation": "Doctor of Pharmacy (Master Certificate) , European School of Medicine, London"
        },
        {
          "fromYearEducation": "2005",
          "fromMonthEducation": "JUL",
          "toYearEducation": "2010",
          "toMonthEducation": "SEP",
          "instituteEducation": "Bacholer in Pharmacy,University of the Pharmacy,Central Saint Martins, London"
        }
      ],
      "postalCode": "",
      "research": "",
      "veteranStatus": "",
      "yearsOfExperience": "",
      "personalEmailId": "david.james@gmail.com",
      "careerSummary": "",
      "state": "",
      "hispanic_Latino": "",
      "address": "Hamington road JS building,21 East New york-998",
      "race": "",
      "languages": "",
      "volunteer_Community_Experience": "",
      "personalAttributes": "",
      "certifications": "",
      "firstName": "David",
      "phoneNumber": "9874514528",
      "aspiration": "",
      "experienceDetails": [
        {
          "fromYearExperience": "2014",
          "fromMonthExperience": "APR",
          "toYearExperience": "2016",
          "toMonthExperience": "AUG",
          "companyExperience": "Primax Healthcare, USA",
          "designationExperience": "Junior Pharmacist",
          "companyName": "MAXMARA"
        },
        {
          "fromYearExperience": "2014",
          "fromMonthExperience": "APR",
          "toYearExperience": "2016",
          "toMonthExperience": "AUG",
          "companyExperience": "Fruth Pharmacy, USA",
          "designationExperience": "Pharmacist associate",
          "companyName": "FRUTH"
        },
        {
          "fromYearExperience": "2014",
          "fromMonthExperience": "APR",
          "toYearExperience": "2016",
          "toMonthExperience": "AUG",
          "companyExperience": "CVS pharmacy Canada",
          "designationExperience": "Manager of Lab Department",
          "companyName": "PRIMAX"
        }
      ],
      "maritalStatus": "",
      "hobby": ""
    }
  ]
}
