{
  "Labels": {
    "searchLabel": "Search",
    "refreshLabel": "Refresh",
    "SearchfortheBestCandidateProfilesLabel": "Search for the Best Candidate Profiles",
    "primaryDetailsLabel": "PRIMARY DETAILS",
    "jobIdLabel": "Job Requisition ID",
    "skillsLabel": "Skills",
    "softSkillsLabel": "SoftSkills",
    "hardSkillsLabel": "HardSkills",
    "industryLabel": "Industry",
    "industryTypeLabel": "Industry Type",
    "subTypeLabel": "Subtype",
    "candidateDetailsLabel": "Candidate Details",
    "qualificationLabel": "Qualification",
    "lastExperienceInMedicalLabel": "Last Experience In Medical",
    "languagesKnownLabel": "Languages Known",
    "languageKnownLabel": "Languages Known",
    "educationAndOrganizationDetailsLabel": "Education & Organizational Details",
    "topAcademicInstitutionsLabel": "Top Academic Institutions",
    "associatedWithTopOrganizationsLabel": "Associated With Top Organizations",
    "secondaryDetailsLabel": "SECONDARY DETAILS",
    "numberOfProfilesRequiredLabel": "Number Of Profiles Required",
    "employmentTypeLabel": " Employment Type",
    "primaryLocationsLabel": "Primary Location",
    "priorityOfTheJobLabel": " Priority Of the Job",
    "diversityLabel": "Diversity"
  },
  "skillproficiency": ["High", "Medium", "Low"],
  "availableLanguages": ["English", "French", "German", "Italian", "Chiniese"],
  "InputValues": {
    "weightage": ["Choose weightage","1", "2", "3" ],
    "industryType": ["Select", "TT", "WEB", "XYZ" ],
    "subType": ["Select", "Type1", "Type2", "Type3" ],
    "qualifications": ["Select", "Q1", "Q2", "Q3" ],
    "lastExperienceInMedical": ["Select", "Experience1", "Experience2", "Experience3" ],
    "languagesKnown": ["Select", "English", "French", "Hindi" ],
    "topAcademicInstitutions": ["Select", "IIT", "NIIT", "JNU" ],
    "organizations": ["Select", "VIT", "GPREC", "QREST" ],
    "state": ["Select", "State1", "State2", "State3" ],
    "city": ["Select", "City1", "City2", "City3" ],
    "priorityOfTheJob": ["Select", "Priority1", "Priority2", "Priority3" ],
    "diversity": ["Select", "Male", "Female"],
    "employmentType": ["Select", "Part Time", "Full Time"]
  }
}
