{
  "Labels": {
    "searchLabel": "Search",
    "refreshLabel": "Refresh",
    "SearchfortheBestCandidateProfilesLabel": "Search for the Best Candidate Profiles",
    "primaryDetailsLabel": "PRIMARY DETAILS",
    "jobIdLabel": "Job Requisition ID",
    "skillsLabel": "Skills",
    "softSkillsLabel": "SoftSkills",
    "hardSkillsLabel": "HardSkills",
    "industryLabel": "Industry",
    "industryTypeLabel": "Industry Type",
    "subTypeLabel": "Subtype",
    "candidateDetailsLabel": "Candidate Details",
    "qualificationLabel": "Qualification",
    "lastExperienceInMedicalLabel": "Last Experience In Medical",
    "languagesKnownLabel": "Languages Known",
    "languageKnownLabel": "Languages Known",
    "educationAndOrganizationDetailsLabel": "Education & Organizational Details",
    "topAcademicInstitutionsLabel": "Top Academic Institutions",
    "associatedWithTopOrganizationsLabel": "Associated With Top Organizations",
    "secondaryDetailsLabel": "SECONDARY DETAILS",
    "numberOfProfilesRequiredLabel": "Number Of Profiles Required",
    "employmentTypeLabel": " Employment Type",
    "primaryLocationsLabel": "Primary Locations",
    "priorityOfTheJobLabel": " Priority Of the Job",
    "diversityLabel": "Diversity"
  },
  "skillproficiency": ["High", "Medium", "Low"],
  "availableLanguages": ["English", "French", "German", "Italian", "Chiniese"],

  "InputValues": {
    "weightage": [
      {
        "key": "default",
        "value": "Choose Weightage"
      },
      {
        "key": "1",
        "value": "1"
      },
      {
        "key": "2",
        "value": "2"
      },
      {
        "key": "3",
        "value": "3"
      }
    ],
    "IndustryType": [
      {
        "key": "default",
        "value": "Select"
      },
      {
        "key": "IT",
        "value": "IT"
      },
      {
        "key": "WEB",
        "value": "WEB"
      },
      {
        "key": "XYZ",
        "value": "XYZ"
      }
    ],
    "Subtype": [
      {
        "key": "default",
        "value": "Select"
      },
      {
        "key": "Type1",
        "value": "Type1"
      },
      {
        "key": "Type2",
        "value": "Type2"
      },
      {
        "key": "Type3",
        "value": "Type3"
      }
    ],
    "Qualification": [
      {
        "key": "default",
        "value": "Select"
      },
      {
        "key": "Q1",
        "value": "Q1"
      },
      {
        "key": "Q2",
        "value": "Q2"
      },
      {
        "key": "Q3",
        "value": "Q3"
      }
    ],
    "LastExperienceInMedical": [
      {
        "key": "default",
        "value": "Select"
      },
      {
        "key": "exp1",
        "value": "exp1"
      },
      {
        "key": "exp2",
        "value": "exp2"
      },
      {
        "key": "exp3",
        "value": "exp3"
      },
      {
        "key": "exp4",
        "value": "exp4"
      }
    ],
    "LanguagesKnown": [
      {
        "key": "default",
        "value": "Select"
      },
      {
        "key": "Hindi",
        "value": "Hindi"
      },
      {
        "key": "English",
        "value": "English"
      }
    ],
    "TopAcademicInstitutions": [
      {
        "key": "default",
        "value": "Select"
      },
      {
        "key": "IIT",
        "value": "IIT"
      },
      {
        "key": "NIT",
        "value": "NIT"
      }
    ],
    "organizations": [
      {
        "key": "default",
        "value": "Select"
      },
      {
        "key": "VIT",
        "value": "VIT"
      },
      {
        "key": "GPREC",
        "value": "GPREC"
      }
    ],
    "state": [
      {
        "key": "default",
        "value": "State"
      },
      {
        "key": "State1",
        "value": "State1"
      },
      {
        "key": "State2",
        "value": "State2"
      },
      {
        "key": "State3",
        "value": "State3"
      }
    ],
    "city": [
      {
        "key": "default",
        "value": "City"
      },
      {
        "key": "city1",
        "value": "city1"
      },
      {
        "key": "city2",
        "value": "city2"
      },
      {
        "key": "city3",
        "value": "city3"
      }
    ],
    "priorityofthejob": [
      {
        "key": "default",
        "value": "Select"
      },
      {
        "key": "priority1",
        "value": "priority1"
      },
      {
        "key": "priority2",
        "value": "priority2"
      },
      {
        "key": "priority3",
        "value": "priority3"
      }
    ],
    "diversity": [
      {
        "key": "select",
        "value": "select"
      },
      {
        "key": "Man",
        "value": "Man"
      },
      {
        "key": "Women",
        "value": "Women"
      }
    ],
    "employmentType":[
      {
        "key": "select",
        "value": "select"
      },
      {
        "key": "fulltime",
        "value": "Full Time"
      },
      {
        "key": "part time",
        "value": "Part Time"
      }
    ]
  }
}
