[{
  "Labels": [{
    "candidateNameLabel": "David James",
    "appliedForLabel": "APPLIED FOR",
    "positionLabel": "Senior Visual Merchandiser - Regional Level",
    "contactLabel": "CONTACT",
    "mobileNumberLabel": "9874514528",
    "emailLabel": "david.james @gmail.com",
    "addressLabel": " Hamington road JS building,21 East New york-998",
    "editLabel": "EDIT",
    "fromLabel": "FROM:",
    "toLabel": "TO:",
    "saveLabel": "SAVE",
    "cancelLabel": "CANCEL",
    "educationLabel": "EDUCATION",
    "educationalDetails": [{
        "dateLabel": "Sep 2005 - Jul 2010",
        "educationalLabel": "Psychology BSC Certification Duchessa Galliera, Genova, Italy"
      },
      {
        "dateLabel": "Aug 2010 - Jun 2011",
        "educationalLabel": "Bacholer in Pharmacy,University of the Pharmacy,Central Saint Martins, London"
      },
      {
        "dateLabel": "Sep 2011 - Jan 2012",
        "educationalLabel": "Doctor of Pharmacy (Master Certificate) , European School of Medicine, London"
      }

    ],
    "experienceLabel": "EXPERIENCE",
    "experienceDetails": [{
        "imageLink": "MAXMARA",

        "workPeriodLabel": "Apr 2014 - Sep 2014",
        "workDetailLabel": "Junior Pharmacist at Primax Healthcare, USA"
      },
      {
        "imageLink": "FRUTH",

        "workPeriodLabel": "Apr 2013 - Nov 2013",
        "workDetailLabel": "Pharmacist associate at Fruth Pharmacy, USA"
      },
      {
        "imageLink": "PRIMAX",
        "workPeriodLabel": "Sep 2014 - Present",
        "workDetailLabel": "Manager of Lab Department at CVS pharmacy Canada"
      }
    ],
    "skillsLabel": "SKILLS",
    "skillDetails": [{
        "imageLink": " assets/icons/photography-icon.png",
        "skillLabel": "Photography"
      },
      {
        "imageLink": " assets/icons/fashion-icon.png ",
        "skillLabel": "Fashion Design"

      },
      {
        "imageLink": " assets/icons/store.png ",
        "skillLabel": "Store Management"
      }
    ]
  }],
  "InputValues": [{
    "skillDetails": [{
        "key": "Photography",
        "value": "Photography"
      },
      {
        "key": "Fashion Design",
        "value": "Fashion Design"
      },
      {
        "key": "Store Management",
        "value": "Store Management"
      }
    ]
  }]
}]
