{
  "Labels": {
    "TimeLabel": "Time", 
    "JobLabel":"Job ID",
    "QualificationsLabel":"Qualification",
    "ExperiencesLabel":"Experience",
    "SkillsLabel":"Skills",
    "LocationLabel": "Location",
    "IndustryLabel": "Industry",
    "EmpTypeLabel": "Employment Type",
    "LanguageKnownLabel": "Language Known",
    "PriorityLabel": "Priority of the job",
    "EduDetailsLabel": "Education & Organisational Details"
  },
  "InputValues":[{
    "Time": "7:00pm",
    "JobId": "213457",
    "Qualification1":"B.Sc Psychology, Italy",
    "Qualification2":"Masters in Fashion Mgmt, London",
    "Experience":"2yrs",
    "Skill1":"FashionDesign",
    "Skill2":"User research",
    "Skill3":"Marketing",
    "Location": "Newyork",
    "Industy": "Pharmaceuticals",
    "EmploymentType": "Full Time",
    "Language1": "English",
    "Language2": "French",
    "Priority": "Need in 1 month",
    "EducationalDetails1": "Tier 1 companies",
    "EducationalDetails2": "Tier 1 Institutes"
  },
  {
    "Time": "8:00pm",
    "JobId": "223457",
    "Qualification1":"B.Sc Psychology, Italy",
    "Qualification2":"Masters in Fashion Mgmt, London",
    "Experience":"2yrs",
    "Skill1":"FashionDesign",
    "Skill2":"User research",
    "Skill3":"Marketing",
    "Location": "Newyork",
    "Industy": "IT",
    "EmploymentType": "Full Time",
    "Language1": "English",
    "Language2": "French",
    "Priority": "Need in 1 month",
    "EducationalDetails1": "Tier 1 companies",
    "EducationalDetails2": "Tier 1 Institutes" 
  },
  {
    "Time": "9:00pm",
    "JobId": "233457",
    "Qualification1":"B.Sc Psychology, Italy",
    "Qualification2":"Masters in Fashion Mgmt, London",
    "Experience":"2yrs",
    "Skill1":"FashionDesign",
    "Skill2":"User research",
    "Skill3":"Marketing",
    "Location": "Newyork",
    "Industy": "Pharmaceuticals",
    "EmploymentType": "Part Time",
    "Language1": "English",
    "Language2": "French",
    "Priority": "Need in 1 month",
    "EducationalDetails1": "Tier 1 companies",
    "EducationalDetails2": "Tier 1 Institutes"
  },
  {
    "Time": "10:00pm",
    "JobId": "243457",
    "Qualification1":"B.Sc Psychology, Italy",
    "Qualification2":"Masters in Fashion Mgmt, London",
    "Experience":"2yrs",
    "Skill1":"FashionDesign",
    "Skill2":"User research",
    "Skill3":"Marketing",
    "Location": "Newyork",
    "Industy": "Pharmaceuticals",
    "EmploymentType": "Full Time",
    "Language1": "English",
    "Language2": "French",
    "Priority": "Need in 3 month",
    "EducationalDetails1": "Tier 1 companies",
    "EducationalDetails2": "Tier 1 Institutes"
  },
  {
    "Time": "11:00pm",
    "JobId": "253457",
    "Qualification1":"B.Sc Psychology, Italy",
    "Qualification2":"Masters in Fashion Mgmt, London",
    "Experience":"2yrs",
    "Skill1":"FashionDesign",
    "Skill2":"User research",
    "Skill3":"Marketing",
    "Location": "Newyork",
    "Industy": "Pharmaceuticals",
    "EmploymentType": "Full Time",
    "Language1": "English",
    "Language2": "Spanish",
    "Priority": "Need in 1 month",
    "EducationalDetails1": "Tier 1 companies",
    "EducationalDetails2": "Tier 1 Institutes"
  } 
]
}