[{
  "Labels": [{
    "candidateNameLabel": "David James",
    "appliedForLabel": "APPLIED FOR",
    "positionLabel": "Senior Visual Merchandiser - Regional Level",
    "contactLabel": "CONTACT",
    "mobileNumberLabel": "9874514528",
    "emailLabel": "david.james @gmail.com",
    "addressLabel": " Hamington road JS building,21 East New york-998",
    "editLabel": "EDIT",
    "fromLabel": "FROM:",
    "toLabel": "TO:",
    "saveLabel": "SAVE",
    "cancelLabel": "CANCEL",
    "educationLabel": "EDUCATION",
    "educationalDetails": [{
        "fromYearEducation": "2005",
        "fromMonthEducation": "JUL",
        "toYearEducation": "2010",
        "toMonthEducation": "SEP",
        "instituteEducation": "Psychology BSC Certification Duchessa Galliera, Genova, Italy"
      },
      {
        "fromYearEducation": "2002",
        "fromMonthEducation": "AUG",
        "toYearEducation": "2009",
        "toMonthEducation": "DEC",
        "instituteEducation": "Doctor of Pharmacy (Master Certificate) , European School of Medicine, London"
      },
      {
        "fromYearEducation": "2005",
        "fromMonthEducation": "JUL",
        "toYearEducation": "2010",
        "toMonthEducation": "SEP",
        "instituteEducation": "Bacholer in Pharmacy,University of the Pharmacy,Central Saint Martins, London"
      }],
    "experienceLabel": "EXPERIENCE",
    "experienceDetails": [{
        "fromYearExperience": "2014",
        "fromMonthExperience": "APR",
        "toYearExperience": "2016",
        "toMonthExperience": "AUG",
        "companyExperience": "Primax Healthcare, USA",
        "designationExperience": "Junior Pharmacist",
        "imageLink": "MAXMARA"
      },
      {
        "fromYearExperience": "2014",
        "fromMonthExperience": "APR",
        "toYearExperience": "2016",
        "toMonthExperience": "AUG",
        "companyExperience": "Fruth Pharmacy, USA",
        "designationExperience": "Pharmacist associate",
        "imageLink": "FRUTH"
      },
      {
        "fromYearExperience": "2014",
        "fromMonthExperience": "APR",
        "toYearExperience": "2016",
        "toMonthExperience": "AUG",
        "companyExperience": "CVS pharmacy Canada",
        "designationExperience": "Manager of Lab Department",
        "imageLink": "PRIMAX"
      }
    ],
    "skillsLabel": "SKILLS",
    "skillDetails": [{
        "imageLink": " assets/icons/photography-icon.png",
        "skillLabel": "Photography"
      },
      {
        "imageLink": " assets/icons/fashion-icon.png ",
        "skillLabel": "Fashion Design"

      },
      {
        "imageLink": " assets/icons/store.png ",
        "skillLabel": "Store Management"
      }
    ]
  }],
  "InputValues": [{
    "skillDetails": [
      {
        "key": "Select Skill",
        "value": "Select Skill"
      },
      {
        "key": "Photography",
        "value": "Photography"
      },
      {
        "key": "Fashion Design",
        "value": "Fashion Design"
      },
      {
        "key": "Store Management",
        "value": "Store Management"
      }
    ]
  }]
}]
