[
  {
    "Labels": [
      {
        "candidateNameLabel": "David James",
        "appliedForLabel": "APPLIED FOR",
        "positionLabel": "Senior Visual Merchandiser - Regional Level",
        "contactLabel": "CONTACT",
        "editLabel": "EDIT",
        "fromLabel": "FROM:",
        "toLabel": "TO:",
        "saveLabel": "SAVE",
        "cancelLabel": "CANCEL",
        "educationLabel": "EDUCATION",
        "experienceLabel": "EXPERIENCE",
        "skillsLabel": "SKILLS",
        "profileimagePath": "../assets/images/editProfileImage.png"
      }
    ],
    "InputValues": [
      {
        "skillDetails": [
          {
            "key": "Photography",
            "value": "Photography",
            "image": "../assets/icons/photography-icon@2x.png"
          },
          {
            "key": "Fashion Design",
            "value": "Fashion Design",
            "image": "../assets/icons/fashion-icon@2x.png"
          },
          {
            "key": "Store Management",
            "value": "Store Management",
            "image": "../assets/icons/store@2x.png"
          },
          {
            "key": "Quality Assurance",
            "value": "Quality Assurance",
            "image": "../assets/icons/quality-icon@2x.png"
          },
          {
            "key": "Medical Coding",
            "value": "Medical Coding",
            "image": "../assets/icons/coding-icon@2x.png"
          },
          {
            "key": "Sales and Marketing",
            "value": "Sales and Marketing",
            "image": "../assets/icons/sales-icon@2x.png"
          },
          {
            "key": "Clinical Research",
            "value": "Clinical Research",
            "image": "../assets/icons/research-icon@2x.png"
          },
          {
            "key": "Online Marketing",
            "value": "Online Marketing",
            "image": "../assets/icons/online-icon@2x.png"
          },
          {
            "key": "Research & Development",
            "value": "Research & Development",
            "image": "../assets/icons/lab-icon@2x.png"
          }
        ]
      }
    ],
    "ProfileData": {
      "lastName": "",
      "country": "",
      "skillDetails": [
        {
          "skillIcon": "",
          "skillLabel": ""
        }
      ],
      "gender": "",
      "disability": "",
      "educationalDetails": [
        {
          "fromYearEducation": "",
          "fromMonthEducation": "",
          "toYearEducation": "",
          "toMonthEducation": "",
          "instituteEducation": ""
        }
      ],
      "postalCode": "",
      "research": "",
      "veteranStatus": "",
      "yearsOfExperience": "",
      "personalEmailId": "",
      "careerSummary": "",
      "state": "",
      "hispanic_Latino": "",
      "address": "",
      "race": "",
      "languages": "",
      "volunteer_Community_Experience": "",
      "personalAttributes": "",
      "certifications": "",
      "firstName": "",
      "phoneNumber": "",
      "aspiration": "",
      "experienceDetails": [
        {
          "fromYearExperience": "",
          "fromMonthExperience": "",
          "toYearExperience": "",
          "toMonthExperience": "",
          "companyExperience": "",
          "designationExperience": "",
          "companyName": ""
        }
      ],
      "maritalStatus": "",
      "hobby": ""
    }
  }
]

