{
    "ContactInfo" : [
        {
        "ContactLabel": "NEED HELP WITH CONTACT INFORMATION ?",
        "CallLabel": "Call Sales Now",
         "ContactNo": "+1-512-512-5120",
         "EmailLabel": "Sales Email ID",
         "EmailID": "sales@company.com",
         "SalesInfo": "Sales Hours",
         "SalesTime": "7am - 7pm CST",
         "MailLabel": "MAILING ADDRESS",
         "MailAdd1": "22, Crescent Street",
         "MailAdd2": "Austin, Texas 78701"
    }
    ] 
}

    