{
    "ContactInfo" : [
        {
        "headerText": "If you are a Healthcare Professional seeking job opportunities with us please feel free to contact us:",
        "ContactLabel": "NEED HELP WITH CONTACT INFORMATION ?",
        "CallLabel": "Call HR Now",
         "ContactNo": "+1-512-512-5120",
         "EmailLabel": "Send Us a Message",
         "EmailID": "Recruitment-team@Elixir.com",
         "SalesInfo": "HR Hours",
         "SalesTime": "7am - 7pm CST",
         "MailLabel": "MAILING ADDRESS",
         "MailAdd1": "22, Crescent Street",
         "MailAdd2": "Austin, Texas 78701"
    }
    ]
}

