{
  "Labels": {
    "searchLabel": "Search",
    "refreshLabel": "Refresh",
    "SearchfortheBestCandidateProfilesLabel": "Search for the Best Candidate Profiles",
    "primaryDetailsLabel": "PRIMARY DETAILS",
    "jobIdLabel": "Job Requisition ID",
    "skillsLabel": "Skills",
    "softSkillsLabel": "SoftSkills",
    "hardSkillsLabel": "HardSkills",
    "industryLabel": "Industry",
    "industryTypeLabel": "Industry Type",
    "subTypeLabel": "Subtype",
    "candidateDetailsLabel": "Candidate Details",
    "qualificationLabel": "Qualification",
    "lastExperienceInMedicalLabel": "Last Experience In Medical",
    "languagesKnownLabel": "Languages Known",
    "languageKnownLabel": "Languages Known",
    "educationAndOrganizationDetailsLabel": "Education & Organizational Details",
    "topAcademicInstitutionsLabel": "Top Academic Institutions",
    "associatedWithTopOrganizationsLabel": "Associated With Top Organizations",
    "secondaryDetailsLabel": "SECONDARY DETAILS",
    "numberOfProfilesRequiredLabel": "Number Of Profiles Required",
    "employmentTypeLabel": " Employment Type",
    "primaryLocationsLabel": "Primary Location",
    "priorityOfTheJobLabel": " Priority Of the Job",
    "diversityLabel": "Diversity"
  },
  "skillproficiency": ["High", "Medium", "Low"],
  "availableLanguages": ["English", "French", "German", "Italian", "Chiniese"],
  "InputValues": {
    "weightage": ["Choose weightage","1", "2", "3" ],
    "industryType": [" Select", "Pharmaceutical" ],
    "subType": [" Select", "Pharmaceutical"],
    "qualifications": [" Select", "Bachelor's degree in Law (BDL)", "Bachelor's degree in Nursing (BDN)", "Bachelor of Science in Biological Science (BS in biological science)", "Bachelor of Science in Biotechnology (BS in Biotechnology)", "Bachelor of Science in Pharmacology (BS Pharmacology)", "Diploma of College Studies (DCS)", "Master's degree in Law (MDL)", "Master's degree in Nursing (MDN)", "Master of Science in Pharma (MS Pharma)", "Doctor of Philosphy in Life science (PhD in Life Science)", "General Equivalency Diploma (GED)", "High School (HS)", "Associate of Arts (A.A.)", "Bachelor of Arts (B.A.)", "Bachelor of Science (B.S.)", "Master of Arts (M.A.)", "Master of Science (M.S.)", "Master of Business Administration (MBA)", "Juris Doctor (JD)", "Doctor of Philosophy (PhD)", "Associate of Science (A.S.)", "Bachelor of Pharmacy (B.Pharm)" ],
    "lastExperienceInMedical": [" Select", "Staff Payroll Specialist", "Product Strategist", "Chief Executive Office-2", "Sales Consultant", "Senior Scientist I" ],
    "languagesKnown": [" Select", "English", "Spanish", "French","German", "Chinese", "Dutch(portugese)", "Thai", "Italian", "Swedish", "Korean" ],
    "topAcademicInstitutions": [" Select", "Harvard University", "Stanford University", "University of Oxford", "University of Cambridge", "Imperial College London", "UCL (University College London)", "Massachusetts Institute of Technology", "California Institute of Technology (Caltech)" ],
    "organizations": [" Select", "GSK", "Pfizer", "Roche", "Sanofi", "Abbott", "Takeda", "Novartis", "Celgene", "Allergan", "AstraZeneca", "Novo Nordisk", "Merck & Co Inc.", "Gilead Sciences", "Bristol-Myers Squibb", "Johnson and Johnson" ],
    "state": [" Select", "Italy", "Spain", "Poland", "USA", "UK", "China", "India", "Thailand", "Singapore", "Canada", "Ireland", "Taiwan", "Germany", "Dubai", "UAE", "Russia", "Sweden", "Switzerland", "South Africa", "Korea", "Hungary", "Australia", "France" ],
    "city": [" Select", "Catania", "Milano", "Roma", "London", "Buckinghamshire", "New york", "Macao", "Budapest", "Beijing", "Chicago", "Georgia", "Atlanta", "Berlin", "Sydney", "Melbourne", "Massachusetts", "Mahrastra", "Karnataka", "Tamil Nadu", "Delhi", "West Bengal", "Andhra Pradesh", "Corsica", "Upper Normandy", "Madrid", "Barcelona", "Murcia", "Cantabaria", "Vicenza", "Pisa", "Verona", "Johannesburg", "Northern cape", "Eastern Cape" ],
    "priorityOfTheJob": [" Select", "Critical to Fill", "Easy to Fill" ],
    "diversity": [" Select", "Male", "Female"],
    "employmentType": [" Select", "Intern", "Casual", "Regular", "Seasonal", "Temporary", "Apprentice", "Fixed Term Contract"]
  }
}
