[
  {
    "Labels": [
      {
        "candidateNameLabel": "David James",
        "appliedForLabel": "APPLIED FOR",
        "positionLabel": "Senior Visual Merchandiser - Regional Level",
        "contactLabel": "CONTACT",
        "editLabel": "EDIT",
        "fromLabel": "FROM:",
        "toLabel": "TO:",
        "saveLabel": "SAVE",
        "cancelLabel": "CANCEL",
        "educationLabel": "EDUCATION",
        "experienceLabel": "EXPERIENCE",
        "skillsLabel": "SKILLS",
        "profileimagePath":[
          {
            "img": "../assets/images/editProfileImage.png"
          },
          {
            "img": "../assets/images/edit-profile-01-image@2x.jpg"
          },
          {
            "img": "../assets/images/edit-profile-04-image@2x.jpg"
          },
          {
            "img": "../assets/images/edit-profile-05-image@2x.jpg"
          },
          {
            "img": "../assets/images/edit-profile-02-image@2x.jpg"
          },
          {
            "img": "../assets/images/edit-profile-03-image@2x.jpg"
          }
        ] 
      }
    ],
    "InputValues": [
      {
        "skillDetails": [
          {
            "key": "Drug Discovery",
            "value": "Drug Discovery",
            "image": "../assets/icons/store@2x.png"
          },
          {
            "key": "Global Drug Development",
            "value": "Global Drug Development",
            "image": "../assets/icons/photography-icon@2x.png"
          },
          {
            "key": "Knowledge of Local Pharmaceutical Market",
            "value": "Knowledge of Local Pharmaceutical Market",
            "image": "../assets/icons/fashion-icon@2x.png"
          },
          {
            "key": "Internal pharmacovigilance policy",
            "value": "Internal pharmacovigilance policy",
            "image": "../assets/icons/quality-icon@2x.png"
          },
          {
            "key": "Reimbursement, Dispensing and Infusion Policies",
            "value": "Reimbursement, Dispensing and Infusion Policies",
            "image": "../assets/icons/sales-icon@2x.png"
          },
          {
            "key": "Marketing or medical skills",
            "value": "Clinical Research",
            "image": "../assets/icons/research-icon@2x.png"
          },
          {
            "key": "Pharmaceutical Candidate Optimization (PCO)",
            "value": "Pharmaceutical Candidate Optimization (PCO)",
            "image": "../assets/icons/research-icon@2x.png"
          },
          {
            "key": "Patient Support Program",
            "value": "Patient Support Program",
            "image": "../assets/icons/research-icon@2x.png"
          },
          {
            "key": "QA in Drug Development",
            "value": "QA in Drug Development",
            "image": "../assets/icons/lab-icon@2x.png"
          },
          {
            "key": "SME for Aseptic Pharma Manufacture",
            "value": "SME for Aseptic Pharma Manufacture",
            "image": "../assets/icons/lab-icon@2x.png"
          },
          {
            "key": "Therapeutic area experience",
            "value": "Therapeutic area experience",
            "image": "../assets/icons/lab-icon@2x.png"
          },
          {
            "key": "Active Listening",
            "value": "Active Listening",
            "image": "../assets/icons/lab-icon@2x.png"
          },
          {
            "key": "Benefits Negotiation",
            "value": "Benefits Negotiation",
            "image": "../assets/icons/lab-icon@2x.png"
          },
          {
            "key": "Commitment to Customer Service",
            "value": "Commitment to Customer Service",
            "image": "../assets/icons/lab-icon@2x.png"
          },
          {
            "key": "Consulting",
            "value": "Consulting",
            "image": "../assets/icons/lab-icon@2x.png"
          },
          {
            "key": "Coordination",
            "value": "Coordination",
            "image": "../assets/icons/lab-icon@2x.png"
          },
          {
            "key": "Critical Thinking",
            "value": "Critical Thinking",
            "image": "../assets/icons/lab-icon@2x.png"
          },
          {
            "key": "Customer Relations",
            "value": "Customer Relations",
            "image": "../assets/icons/lab-icon@2x.png"
          },
          {
            "key": "Driving Results",
            "value": "Driving Results",
            "image": "../assets/icons/online-icon@2x.png"
          },
          {
            "key": "Environmental Stewardship and Sustainability",
            "value": "Environmental Stewardship and Sustainability",
            "image": "../assets/icons/lab-icon@2x.png"
          },
          {
            "key": "Good Communication Skills",
            "value": "Good Communication Skills",
            "image": "../assets/icons/lab-icon@2x.png"
          },
          {
            "key": "HR Leadership",
            "value": "HR Leadership",
            "image": "../assets/icons/lab-icon@2x.png"
          },
          {
            "key": "Leadership",
            "value": "Leadership",
            "image": "../assets/icons/lab-icon@2x.png"
          },
          {
            "key": "Negotiation",
            "value": "Negotiation",
            "image": "../assets/icons/lab-icon@2x.png"
          },
          {
            "key": "Presentation",
            "value": "Presentation",
            "image": "../assets/icons/lab-icon@2x.png"
          },
          {
            "key": "Professionalism",
            "value": "Professionalism",
            "image": "../assets/icons/lab-icon@2x.png"
          },
          {
            "key": "Team Building",
            "value": "Team Building",
            "image": "../assets/icons/lab-icon@2x.png"
          },
          {
            "key": "Team Orientation",
            "value": "Team Orientation",
            "image": "../assets/icons/lab-icon@2x.png"
          },
          {
            "key": "Analytical and Problem Solving Skills",
            "value": "Analytical and Problem Solving Skills",
            "image": "../assets/icons/lab-icon@2x.png"
          }
        ]
      }
    ],
    "ProfileData": {
      "lastName": "",
      "country": "",
      "skillDetails": [
        {
          "skillIcon": "",
          "skillLabel": ""
        }
      ],
      "gender": "",
      "disability": "",
      "educationalDetails": [
        {
          "fromYearEducation": "",
          "fromMonthEducation": "",
          "toYearEducation": "",
          "toMonthEducation": "",
          "instituteEducation": ""
        }
      ],
      "postalCode": "",
      "research": "",
      "veteranStatus": "",
      "yearsOfExperience": "",
      "personalEmailId": "",
      "careerSummary": "",
      "state": "",
      "hispanic_Latino": "",
      "address": "",
      "race": "",
      "languages": "",
      "volunteer_Community_Experience": "",
      "personalAttributes": "",
      "certifications": "",
      "firstName": "",
      "phoneNumber": "",
      "aspiration": "",
      "experienceDetails": [
        {
          "fromYearExperience": "",
          "fromMonthExperience": "",
          "toYearExperience": "",
          "toMonthExperience": "",
          "companyExperience": "",
          "designationExperience": "",
          "companyName": ""
        }
      ],
      "maritalStatus": "",
      "hobby": ""
    }
  }
]

