{
  "Labels": {
    "workLocationsLabel": "Work Locations",
    "viewallLabel": "View all"
  },
  "InputValues": {
    "PrimaryOffice": [{
        "key": "0",
        "value": "Select Location",
        "lat": "",
        "lang": ""
      },
      {
        "key": "1",
        "value": "Woodlands",
        "lat": 1.295250,
        "lang": 103.784504
      },
      {
        "key": "2",
        "value": "Sengkang",
        "lat": 1.306331,
        "lang": 103.885604
      },
      {
        "key": "3",
        "value": "Florham Park",
        "lat": 40.780798,
        "lang": -74.423472
      },
      {
        "key": "4",
        "value": "Nottinghamshire",
        "lat": 52.937898,
        "lang": -1.11682
      }

    ],
    "ResearchOffice": [{
        "key": "0",
        "value": "Select Location",
        "lat": "",
        "lang": ""
      },
      {
        "key": "1",
        "value": "Clementi",
        "lat": 1.327898,
        "lang": 103.765874
      },
      {
        "key": "2",
        "value": "Hougang",
        "lat": 1.315528,
        "lang": 103.891623
      },
      {
        "key": "3",
        "value": "Northampton County",
        "lat": 40.573397,
        "lang": -75.338705
      },
      {
        "key": "4",
        "value": "Colchester",
        "lat": 51.887643,
        "lang": 0.899719
      }
    ],
    "SalesOffice": [{
        "key": "0",
        "value": "Select Location",
        "lat": "",
        "lang": ""
      },
      {
        "key": "1",
        "value": "Tanglin",
        "lat": 1.301514,
        "lang": 103.821831
      },
      {
        "key": "2",
        "value": "Cloverway",
        "lat": 1.28027,
        "lang": 103.85476
      },
      {
        "key": "3",
        "value": "Crawford County",
        "lat": 40.928517,
        "lang": -82.768967
      },
      {
        "key": "4",
        "value": "Cowley",
        "lat": 51.735998,
        "lang": -1.195224
      }
    ],
    "Category": ["Select Category", "Primary Office", "Research Centre", "Sales Office"]
  },
  "Worklocations": [{
      "imageURL": "assets/images/location-1-@3x.jpg",
      "ratingImageURL": "assets/icons/screened-profiles-icon.png",
      "placeName": "Woodlands",
      "noOfEmployees": "30 EMPLOYEES",
      "address": "31, Riverside Road,Woodlands, Singapore 739087"
    },
    {
      "imageURL": "assets/images/location-4-@3x.png",
      "ratingImageURL": "assets/icons/screened-profiles-icon.png",
      "placeName": "Sengkang",
      "noOfEmployees": "30 EMPLOYEES",
      "address": "31, Riverside Road, Sengkang, Singapore 739087"
    },
    {
      "imageURL": "assets/images/location-5-@3x.jpg",
      "ratingImageURL": "assets/icons/screened-profiles-icon.png",
      "placeName": "Clementi",
      "noOfEmployees": "30 EMPLOYEES",
      "address": "31, Riverside Road, Clementi, Singapore 739087"
    },
    {
      "imageURL": "assets/images/location-3-@3x.jpg",
      "ratingImageURL": "assets/icons/screened-profiles-icon.png",
      "placeName": "Hougang",
      "noOfEmployees": "30 EMPLOYEES",
      "address": "31, Riverside Road, Hougang, Singapore 739087"
    },
    {
      "imageURL": "assets/images/location-2-@3x.png",
      "ratingImageURL": "assets/icons/screened-profiles-icon.png",
      "placeName": "Tanglin",
      "noOfEmployees": "30 EMPLOYEES",
      "address": "31, Riverside Road, Tanglin, Singapore 739087"
    },
    {
      "imageURL": "assets/images/location-4-@3x.png",
      "ratingImageURL": "assets/icons/screened-profiles-icon.png",
      "placeName": "Cloverway",
      "noOfEmployees": "30 EMPLOYEES",
      "address": "31, Riverside Road, Cloverway, Singapore 739087"
    },
    {
      "imageURL": "assets/images/location-4-@3x.png",
      "ratingImageURL": "assets/icons/screened-profiles-icon.png",
      "placeName": "Florham Park",
      "noOfEmployees": "30 EMPLOYEES",
      "address": "75,Columbia Turnpike, NewJersey, USA "
    },
    {
      "imageURL": "assets/images/location-2-@3x.png",
      "ratingImageURL": "assets/icons/screened-profiles-icon.png",
      "placeName": "Northampton County",
      "noOfEmployees": "30 EMPLOYEES",
      "address": "24,Lehigh Valley Thruway , Pennslyvania, USA"
    },
    {
      "imageURL": "assets/images/location-5-@3x.jpg",
      "ratingImageURL": "assets/icons/screened-profiles-icon.png",
      "placeName": "Crawford County",
      "noOfEmployees": "30 EMPLOYEES",
      "address": "15,Bucyrus Bypass , Ohio, USA"
    },
    {
      "imageURL": "assets/images/location-3-@3x.jpg",
      "ratingImageURL": "assets/icons/screened-profiles-icon.png",
      "placeName": "Cowley",
      "noOfEmployees": "30 EMPLOYEES",
      "address": "1,Horspath Road , Oxford, UK"
    },
    {
      "imageURL": "assets/images/location-2-@3x.png",
      "ratingImageURL": "assets/icons/screened-profiles-icon.png",
      "placeName": "Colchester",
      "noOfEmployees": "30 EMPLOYEES",
      "address": "A12,Copford Road , Colchester, UK"
    },
    {
      "imageURL": "assets/images/location-4-@3x.png",
      "ratingImageURL": "assets/icons/screened-profiles-icon.png",
      "placeName": "Nottinghamshire",
      "noOfEmployees": "30 EMPLOYEES",
      "address": "A52,Radcliffe Road , Nottingham, UK"
    }
  ],
  "Locations": [{
    "location": "MARINA, SINGAPORE"
  }],
  "Places": [{
    "latitude": "1.4202",
    "longitude": "103.85"
  }]
}
